{
  "mean_block_name":{
    "asian_female":-0.1001000032,
    "asian_male":0.0939000025,
    "black_female":-0.1823000014,
    "black_male":-0.0052999998,
    "hispanic_female":-0.113499999,
    "hispanic_male":0.0432000011,
    "white_female":0.0357000008,
    "white_male":0.2310000062
  },
  "mean_amount":{
    "asian_female":440402.9684,
    "asian_male":463049.0176,
    "black_female":435703.5786,
    "black_male":457723.9361,
    "hispanic_female":447167.4039,
    "hispanic_male":466868.7988,
    "white_female":464200.9298,
    "white_male":482924.249
  },
  "mean_fraction":{
    "asian_female":0.7224,
    "asian_male":0.7612,
    "black_female":0.7171,
    "black_male":0.7582,
    "hispanic_female":0.7322,
    "hispanic_male":0.7675,
    "white_female":0.7634,
    "white_male":0.8013
  },
  "n":{
    "asian_female":15697,
    "asian_male":15644,
    "black_female":15635,
    "black_male":15604,
    "hispanic_female":15549,
    "hispanic_male":15777,
    "white_female":15694,
    "white_male":15400
  }
}