{
  "n_rows_raw": 307511,
  "n_rows_after_core_dropna": 307221,
  "n_rows_final": 307221,
  "columns": {
    "sk_id_curr": {
      "dtype": "int64",
      "n_missing": 0,
      "mean": 278170.7300868105,
      "std": 102788.45758497511,
      "min": 100002.0,
      "p50": 278194.0,
      "max": 456255.0
    },
    "requested_amount": {
      "dtype": "float64",
      "n_missing": 0,
      "mean": 599150.0372826076,
      "std": 401539.89542718447,
      "min": 47970.0,
      "p50": 514602.0,
      "max": 2517300.0
    },
    "purchase_price": {
      "dtype": "float64",
      "n_missing": 0,
      "mean": 538224.31571084,
      "std": 368384.7032933803,
      "min": 45000.0,
      "p50": 450000.0,
      "max": 2250000.0
    },
    "annual_income": {
      "dtype": "float64",
      "n_missing": 0,
      "mean": 167171.6947683752,
      "std": 87921.0934283802,
      "min": 31500.0,
      "p50": 148500.0,
      "max": 630000.0
    },
    "monthly_payment": {
      "dtype": "float64",
      "n_missing": 0,
      "mean": 27092.004377435136,
      "std": 14252.1637526406,
      "min": 3930.4800000000005,
      "p50": 24916.5,
      "max": 110047.5
    },
    "years_employed": {
      "dtype": "float64",
      "n_missing": 0,
      "mean": 6.164674081756078,
      "std": 5.848742449399101,
      "min": -0.0,
      "p50": 4.511978097193703,
      "max": 49.040383299110196
    },
    "age_years": {
      "dtype": "float64",
      "n_missing": 0,
      "mean": 43.91180596971128,
      "std": 11.947577588086936,
      "min": 20.503764544832308,
      "p50": 43.12936344969199,
      "max": 69.07323750855578
    },
    "household_size": {
      "dtype": "float64",
      "n_missing": 0,
      "mean": 2.1526262853125275,
      "std": 0.9106230138895121,
      "min": 1.0,
      "p50": 2.0,
      "max": 20.0
    },
    "ext_score_1": {
      "dtype": "float64",
      "n_missing": 0,
      "mean": 0.5043622842224232,
      "std": 0.13940242265156785,
      "min": 0.0145681324124455,
      "p50": 0.5060553789836513,
      "max": 0.962692770561306
    },
    "ext_score_2": {
      "dtype": "float64",
      "n_missing": 0,
      "mean": 0.514501936775227,
      "std": 0.19088026741989653,
      "min": 8.173616518884397e-08,
      "p50": 0.5659721695332923,
      "max": 0.8549996664047012
    },
    "ext_score_3": {
      "dtype": "float64",
      "n_missing": 0,
      "mean": 0.5157199728420561,
      "std": 0.174742777442468,
      "min": 0.0005272652387098,
      "p50": 0.5352762504724826,
      "max": 0.8960095494948396
    },
    "employment_type": {
      "dtype": "str",
      "n_missing": 0,
      "n_unique": 8
    },
    "occupation": {
      "dtype": "str",
      "n_missing": 0,
      "n_unique": 19
    },
    "education": {
      "dtype": "str",
      "n_missing": 0,
      "n_unique": 5
    },
    "housing_type": {
      "dtype": "str",
      "n_missing": 0,
      "n_unique": 6
    },
    "own_home": {
      "dtype": "int64",
      "n_missing": 0,
      "mean": 0.6935919094072346,
      "std": 0.461002022089895,
      "min": 0.0,
      "p50": 1.0,
      "max": 1.0
    },
    "n_open_loans": {
      "dtype": "float64",
      "n_missing": 0,
      "mean": 1.7623079151490295,
      "std": 1.8047279778418372,
      "min": 0.0,
      "p50": 1.0,
      "max": 32.0
    },
    "total_outstanding_debt": {
      "dtype": "float64",
      "n_missing": 0,
      "mean": 517414.4916094508,
      "std": 1136942.6422493735,
      "min": 0.0,
      "p50": 83146.5,
      "max": 8743222.80000006
    },
    "prev_approval_rate": {
      "dtype": "float64",
      "n_missing": 0,
      "mean": 0.8739427183326053,
      "std": 0.21038214153529952,
      "min": 0.0,
      "p50": 1.0,
      "max": 1.0
    },
    "n_prev_decided": {
      "dtype": "float64",
      "n_missing": 0,
      "mean": 3.679331816509939,
      "std": 3.19506296636088,
      "min": 0.0,
      "p50": 3.0,
      "max": 72.0
    },
    "avg_payment_delay_days": {
      "dtype": "float64",
      "n_missing": 0,
      "mean": -11.248989444460419,
      "std": 8.820524060461077,
      "min": -54.77777777777778,
      "p50": -9.538461538461538,
      "max": 17.729484029484087
    },
    "avg_cc_utilization": {
      "dtype": "float64",
      "n_missing": 0,
      "mean": 0.09138200833080808,
      "std": 0.2255520194902432,
      "min": 0.0,
      "p50": 0.0,
      "max": 0.9822390063994835
    }
  }
}