{
  "var_eta": 1.002418882242199,
  "shares_of_var_eta": {
    "block_q": 0.5922230860436689,
    "block_c": 0.025491514994570426,
    "block_name": 0.19951739389911982,
    "eps": 0.15010636622703874
  },
  "cov_q_c_share": 0.030716919471517386,
  "amount_stats": {
    "mean_fraction_of_R": 0.7511214007461736,
    "median_fraction_of_R": 0.7996771971206377,
    "p_at_cap": 0.075696,
    "p_zero": 0.0
  }
}