{
  "run_name": "pcd-pretrain-v1",
  "tokens": 36001792,
  "steps": 17579,
  "elapsed_seconds": 10547.4,
  "tokens_per_sec": 3413.3,
  "final_loss": 2.125429153442383,
  "final_lm_loss": 2.125450849533081,
  "num_processes": 4,
  "effective_batch": 128,
  "token_accounting": "encoder",
  "peak_gpu_gib": 38.75,
  "n_alive": 26539,
  "n_dead": 6229,
  "frac_alive": 0.809906005859375,
  "minimal_run": false
}